CGC,NOME,TIPO,ESTADO,Natureza
965198000148,HOSPITAL COMUNITARIO MARC. RAMO,AMBULATORIO,RS,PRIVADO
1687704000147,CLINIMAGEM,AMBULATORIO,RS,PRIVADO
3044492000105,HOSPITAL SP LTDA,HOSPITAL,RS,PRIVADO
3046232000179,LABORATORIO KYTOS - ERECHIM,AMBULATORIO,RS,PRIVADO
3066309000172,HOSPITAL SAO FRANCISCO DE ASSIS,AMBULATORIO,RS,SEM FINS LUCRATIVOS
3184906000100,SOC. BENEF. MANOEL FRANC. GUERR,AMBULATORIO,RS,FILANTRÓPICO
33621384198202,CAMPANHA NACIONAL DE ESCOLAS DA COMUNIDADE,HOSPITAL,RS,FILANTRÓPICO
61986402001254,HOSPITAL NOSSA SENHORA DO ROSAR,AMBULATORIO,RS,FILANTRÓPICO
76578137001595,PROV. BRAS. CONG. IRM. CAR. SAO VICENTE DE PA,HOSPITAL,RS,FILANTRÓPICO
80234826001045,SOC ENSINO E BENEFICIENCIA HOSPITAL 25 DE JUL,HOSPITAL,RS,FILANTRÓPICO
83506030000525,BENEFICENCIA CAMILIANA DO SUL HOSPITAL ESTREL,HOSPITAL,RS,FILANTRÓPICO
86552809000141,HOSPITAL SANTA TEREZINHA - CIRI,AMBULATORIO,RS,SEM FINS LUCRATIVOS
86552809001466,INSTITUTO DE ENSINO E ASSISTENCIA SOCIAL,HOSPITAL,RS,FILANTRÓPICO
87000659000126,HOSPITAL SANTO ANTONIO,HOSPITAL,RS,PRIVADO
87026597000393,HOSPITAL DE CARIDADE RAINHA DOS APOSTOLOS,HOSPITAL,RS,FILANTRÓPICO
87068094000119,ASSOCIACAO HOSPITAL AGUDO,HOSPITAL,RS,FILANTRÓPICO
87083788000125,CASA DE SAUDE DR RUBENS DA ROSA GUEDES,HOSPITAL,RS,FILANTRÓPICO
87093092000180,CAIXA ASSISTENCIA ADVOGADOS DO,AMBULATORIO,RS,PRIVADO
87093605000748,HOSPITAL NOSSA SENHORA DE LOURDES,HOSPITAL,RS,FILANTRÓPICO
87105763000185,STUMPFLE & CIA LTDA,HOSPITAL,RS,PRIVADO
87165502000150,LABORATORIO SANTA TEREZINHA LTD,AMBULATORIO,RS,PRIVADO
87198909000184,HOSPITAL SAO JOSE LTDA,HOSPITAL,RS,PRIVADO
87200929000142,IRMANDADE DA SANTA CASA DE CARIDADE ALEGRETE,HOSPITAL,RS,FILANTRÓPICO
87227278000184,LABORATORIO SANTO ANTONIO,AMBULATORIO,RS,PRIVADO
87263364000223,CONGREGACAO DAS IRMAS SERVAS DA IMAC. CONCEIC,HOSPITAL,RS,FILANTRÓPICO
87263364000495,CONG. IRMAS SERVAS IMACULADA CONC.VIRGEM MARI,HOSPITAL,RS,FILANTRÓPICO
87265609000170,HOSPITAL NOSSA SENHORA DOS NAVEGANTES LTDA,HOSPITAL,RS,PRIVADO
87273363000189,SIND.DOS TRAB. RURAIS DE VIAMAO,AMBULATORIO,RS,SEM FINS LUCRATIVOS
87277000000111,SOCIEDADE HOSPITALAR SAO JOSE,HOSPITAL,RS,FILANTRÓPICO
87286787000188,HOSPITAL ARATIBA LTDA,HOSPITAL,RS,PRIVADO
87316618000143,SOCIEDADE HOSPITALAR SAO JOAO BATISTA,HOSPITAL,RS,FILANTRÓPICO
87317764000274,SOCIEDADE SULINA DIVINA PROVIDENCIA,HOSPITAL,RS,FILANTRÓPICO
87317764000789,SOCIEDADE SULINA DIVINA PROVIDENCIA,HOSPITAL,RS,FILANTRÓPICO
87317764001084,SOCIEDADE SULINA DIVINA PROVIDENCIA-HOSPITAL,HOSPITAL,RS,FILANTRÓPICO
87322970000191,SERCLIN-SERV.CLIN.DE S.LEO/LTDA,AMBULATORIO,RS,PRIVADO
87336459000149,NEFROCLINICA LTDA,AMBULATORIO,RS,PRIVADO
87337846000108,INST PRO-FEMINA DE DIAGNOSTICO,AMBULATORIO,RS,PRIVADO
87354817000146,SANTA CASA DE MISERICORDIA DE ARROIO GRANDE,HOSPITAL,RS,FILANTRÓPICO
87369443000132,LABORATORIO OSVALDO CRUZ,AMBULATORIO,RS,PRIVADO
87369799000176,SOCIEDADE BENEFICENTE DE IGREJINHA,HOSPITAL,RS,FILANTRÓPICO
87370631000180,SOCIEDADE BENEFICENTE NOSSA SENHORA DO ROSARI,HOSPITAL,RS,FILANTRÓPICO
87370904000197,SOCIEDADE HOSPITALAR BENEFICENTE DE ROLANTE,HOSPITAL,RS,FILANTRÓPICO
87381869000101,UNILAB LAB PESQUISAS CLIN MED L,AMBULATORIO,RS,PRIVADO
87382867000137,SOCIEDADE BENEFICENTE SAO JOAO,HOSPITAL,RS,FILANTRÓPICO
87393948000132,LAB.UNIAO DE ANALISES CLINICAS,AMBULATORIO,RS,PRIVADO
87395497000172,CENTRORIM CENTRO DOENCAS RIM LT,AMBULATORIO,RS,PRIVADO
87408845000107,SANTA CASA CARIDADE DE BAGE,HOSPITAL,RS,FILANTRÓPICO
87409587000175,COMUNIDADE DE COLONIA NOVA MANTENEDORA DO HOS,HOSPITAL,RS,FILANTRÓPICO
87458873000120,PRONTO SOC.FRAT.CRUZ DE PRATA L,AMBULATORIO,RS,PRIVADO
87483665000181,HOSPITAL DONA LIDIA DE SAN MAMEDE ASSIS BRASI,HOSPITAL,RS,FILANTRÓPICO
87484515000192,HOSPITAL JOVELINA MORAES,HOSPITAL,RS,FILANTRÓPICO
87487633000154,LABORATORIO UNIDOS LTDA,AMBULATORIO,RS,PRIVADO
87504387000100,LAB AUTOLAB LTDA CAXIAS,AMBULATORIO,RS,PRIVADO
87522678000112,SOCIEDADE BENEFICENTE  DR SILVIO SCOPEL,HOSPITAL,RS,FILANTRÓPICO
87527206000152,SIND TRAB RURAIS BARRA DO RIBEI,AMBULATORIO,RS,SEM FINS LUCRATIVOS
87547444000120,SOCIEDADE DR. BARTHOLOMEU TACCHINI,HOSPITAL,RS,FILANTRÓPICO
87547444000200,SOCIEDADE DR BARTHOLOMEU TACCHINI - HOSPITAL,HOSPITAL,RS,PRIVADO
87555439000169,LABORATORIO CHAMPAGNAT LTDA,AMBULATORIO,RS,PRIVADO
87594461000118,FUNDACAO SANTA HELENA,HOSPITAL,RS,FILANTRÓPICO
87598405000151,HOSPITAL PROVIDENCIA LTDA,HOSPITAL,RS,PRIVADO
87610515000191,HOSPITAL ESPIRITA BEZERRA DE MENEZES,HOSPITAL,RS,PRIVADO
87613055000155,PREFEITURA MUNICIPAL DE CHIAPETTA,HOSPITAL,RS,PRIVADO
87617874000170,SOCIEDADE HOSPITAL DE CARIDADE NOSSA SENHORA,HOSPITAL,RS,FILANTRÓPICO
87624060000163,FUND AMIGOS DO HOSPITAL DE BOM JESUS,HOSPITAL,RS,FILANTRÓPICO
87647921000129,CLIN DE FRATURAS E ORTOPEDIA -,AMBULATORIO,RS,PRIVADO
87664793000121,HOSPITAL SANTA TEREZINHA DE PALMITINHO,HOSPITAL,RS,PRIVADO
87666020000184,HOSPITAL SAO JOSE - IBIRAIARAS,HOSPITAL,RS,FILANTRÓPICO
87671269000188,BURGARDT PIRES E CIA LTDA,HOSPITAL,RS,PRIVADO
87672747000174,PRONTO SOCORRO FEDERAL,AMBULATORIO,RS,PRIVADO
87678611000171,ANALISES CLINICAS JAGUARI LTDA,AMBULATORIO,RS,PRIVADO
87680500000108,HOSPITAL DE CARIDADE DR VICTOR LANG,HOSPITAL,RS,FILANTRÓPICO
87681698000136,HOSPITAL E FARMACIA SAO FRANCISCO DE ASSIS LT,HOSPITAL,RS,FILANTRÓPICO
87681797000118,LAB HELOISA,AMBULATORIO,RS,PRIVADO
87681805000126,LABORATORIO CARON,AMBULATORIO,RS,PRIVADO
87687729000166,LABORATORIO DR.MANUEL MAIA LTDA,AMBULATORIO,RS,PRIVADO
87687851000132,LAB.ANALISES CLINICAS LTDA,AMBULATORIO,RS,PRIVADO
87691796000154,LABORATORIO OSVALDO CRUZ,AMBULATORIO,RS,PRIVADO
87692877000179,LABORATORIO LEIVAS LANG,AMBULATORIO,RS,PRIVADO
87693388000131,J.M.DA  SILVA - HOSPITAL,HOSPITAL,RS,PRIVADO
87694626000123,LAB.BIOCL.D.MAURICIO A.C.GUIMAR,AMBULATORIO,RS,PRIVADO
87694741000106,ASSOCIACAO DOS AMIGOS DO FRAGAT,AMBULATORIO,RS,SEM FINS LUCRATIVOS
87696357000134,SOCIEDADE DE ANAL CLIN RITT LTD,AMBULATORIO,RS,PRIVADO
87696357000215,LABORRITT - SANTA ROSA,AMBULATORIO,RS,PRIVADO
87701108000190,LABORATORIO LICHT,AMBULATORIO,RS,PRIVADO
87701991000118,PRONTO SOC E BANCO SANGUE MAUA,AMBULATORIO,RS,PRIVADO
87702643000165,LABORATORIO SANTO ANGELO LTDA,AMBULATORIO,RS,PRIVADO
87714457000146,SOCIEDADE HOSPITALAR SANTO ANTONIO,HOSPITAL,RS,PRIVADO
87722146000129,HOSPITAL SAO LUIZ GONZAGA,HOSPITAL,RS,PRIVADO
87736682000183,HOSP BENEF FUND MEDICO ASSIST TRAB RURAL ALTO,HOSPITAL,RS,PRIVADO
87752291000152,DIAVILA & SILVA LTDA,AMBULATORIO,RS,PRIVADO
87752945000148,RADIOCLINICA   RIO  GRANDE,AMBULATORIO,RS,PRIVADO
87768735000148,HOSPITAL DE CARIDADE E BENEFICENCIA,HOSPITAL,RS,FILANTRÓPICO
87769493000107,HOSPITAL PARAISO SOCIEDADE ASSISTENCIAL E BEN,HOSPITAL,RS,FILANTRÓPICO
87794988000196,CASA DE SAUDE SANTANA,HOSPITAL,RS,PRIVADO
87794996000132,POLICLINICA S╡O JOSE,AMBULATORIO,RS,PRIVADO
87806790000185,LABORATORIO SAO JOSE,AMBULATORIO,RS,PRIVADO
87840419000130,INSTITUTO DE RADIOLOGIA S MARCO,AMBULATORIO,RS,PRIVADO
87860375000100,SOCIEDADE BENEFICIENTE HOSPITAL SAO JOSE,HOSPITAL,RS,PRIVADO
87876942000116,SIND DOS PESCADORES,AMBULATORIO,RS,SEM FINS LUCRATIVOS
87878476000108,FUNDATEC,AMBULATORIO,RS,PRIVADO
87909990000163,SERV.RDIODIAGNOSTICO PORTO AL.,AMBULATORIO,RS,PRIVADO
87948188000182,ABCAL,AMBULATORIO,RS,SEM FINS LUCRATIVOS
88004908000114,LAB NOSSA SENHORA BELEM NOVO LT,AMBULATORIO,RS,PRIVADO
88030044000377,LAB.PATOL.V.DOS SINOS LTDA/ NH,AMBULATORIO,RS,PRIVADO
88065289000178,HOSPITAL BENEFICENTE CAMPO BOM,HOSPITAL,RS,FILANTRÓPICO
88116520000105,LABORATORIO OSWALDO CRUZ,AMBULATORIO,RS,PRIVADO
88135918000199,SOCIEDADE HOSPITAL NOSSA SENHORA DA SAUDE,HOSPITAL,RS,FILANTRÓPICO
88145990000105,CENTRO MEDICO GRAVATAI LTDA,AMBULATORIO,RS,PRIVADO
88163084000125,SOCIEDADE BENEFICENTE HOSPITAL CANDELARIA,HOSPITAL,RS,FILANTRÓPICO
88167655000108,HOSPITAL 16 DE NOVEMBRO,HOSPITAL,RS,PRIVADO
88176979000102,LABORATORIO PASTEUR - D PEDRITO,AMBULATORIO,RS,PRIVADO
88210794000169,HOSPITAL DE CARIDADE DE CANELA,HOSPITAL,RS,FILANTRÓPICO
88216999000151,HOSPITAL CARIDADE ERVAL SECO,HOSPITAL,RS,PRIVADO
88239074000126,HOSPITAL DE CARIDADE DE CANGUCU,HOSPITAL,RS,FILANTRÓPICO
88241328000140,SINDICATO RURAL DE CANGUCU,AMBULATORIO,RS,FILANTRÓPICO
88254354000103,MULTICLINICA,AMBULATORIO,RS,PRIVADO
88254883000107,PREFEITURA MUNICIPAL DE ESTANCIA VELHA,HOSPITAL,RS,PRIVADO
88255294000143,LABORATORIO CANUDOS LTDA N H,AMBULATORIO,RS,PRIVADO
88263686000154,FUNDACAO HOSPITALAR EDUCACIONAL E SOCIAL DE P,HOSPITAL,RS,FILANTRÓPICO
88279781000227,LABORATORIO BORN,AMBULATORIO,RS,PRIVADO
88289376000109,INST.DE MED.FIS.E REABILITACAO,AMBULATORIO,RS,PRIVADO
88314133000183,ASSOCIACAO BENEF. DE CANOAS - HOSPITAL NOSSA,HOSPITAL,RS,FILANTRÓPICO
88327192000196,POLICLINICA DE CANOAS LTDA,AMBULATORIO,RS,PRIVADO
88332028000177,SERV. MEDICOS DE CANOAS LTDA.,AMBULATORIO,RS,PRIVADO
88358940000106,FUNDACAO ASSISTENCIAL BENEFICIENTE DE CAMAQUA,HOSPITAL,RS,FILANTRÓPICO
88373436000177,CERMAF,AMBULATORIO,RS,PRIVADO
88406434000137,CASA DE SAUDE SAO JOSE,HOSPITAL,RS,FILANTRÓPICO
88413042000103,CLINICA DE FISIOT STA MARIA LTD,AMBULATORIO,RS,PRIVADO
88413661000190,SANTA CASA DE CARIDADE DE JAGUARAO,HOSPITAL,RS,FILANTRÓPICO
88417449000109,SOCIEDADE HOSPITALAR BENEFICENTE SAO JOSE,HOSPITAL,RS,FILANTRÓPICO
88417787000132,SOCIEDADE HOSPITALAR BENEFICENTE DE MARAU,HOSPITAL,RS,FILANTRÓPICO
88418009000168,IOT,AMBULATORIO,RS,PRIVADO
88450234000181,HOSPITAL DE CARIDADE DE CARAZINHO,HOSPITAL,RS,FILANTRÓPICO
88452727000150,HOSPITAL SAO JOAO BATISTA,HOSPITAL,RS,FILANTRÓPICO
88458732000170,CENTRO DIALISE E TRANSPLANTE LT,AMBULATORIO,RS,PRIVADO
88508254000166,LABORATORIO OSVALDO CRUZ LTDA,AMBULATORIO,RS,PRIVADO
88526298000119,CLOVIS ASSISIO MORO HOSPITAL NOSSA SENHORA DE,HOSPITAL,RS,PRIVADO
88526769000199,SOCIEDADE MEDICA DE ALPESTRE LTDA,HOSPITAL,RS,PRIVADO
88531975000197,ASPIAZU VELASCO E CIA LTDA,HOSPITAL,RS,PRIVADO
88534748000115,HOSPITAL SAO VALENTIM,HOSPITAL,RS,FILANTRÓPICO
88536263000160,LABORATORIO MAJO,AMBULATORIO,RS,PRIVADO
88551718000117,HOSPITAL DE CARIDADE NOSSA SENHORA DAS GRACAS,HOSPITAL,RS,FILANTRÓPICO
88554340000105,HOSPITAL NOSSA SENHORA DM SOCORRO,HOSPITAL,RS,PRIVADO
88555313000157,SOCIEDADE HOSPITALAR BENEFICENTE PE EUGENIO,HOSPITAL,RS,FILANTRÓPICO
88560214000163,HOSPITAL NOSSA SENHORA DE FATIMA,HOSPITAL,RS,PRIVADO
88575394000157,HOSPITAL SAUDE LTDA,HOSPITAL,RS,PRIVADO
88582085000104,LABOR,AMBULATORIO,RS,PRIVADO
88590369000142,HOSPITAL BENEFICENTE SANTA LUCIA,HOSPITAL,RS,FILANTRÓPICO
88614318000103,LABORATORIO SAO PEDRO,AMBULATORIO,RS,PRIVADO
88614912000102,COMPANHIA HOSPITALAR NOSSA SENHORA DE FATIMA,HOSPITAL,RS,PRIVADO
88625686002605,SOCIEDADE EDUCADORA E BENEFICENTE DO SUL,HOSPITAL,RS,FILANTRÓPICO
88630413000281,HOSPITAL SAO LUCAS DA PUC/RS,AMBULATORIO,RS,FILANTRÓPICO
88632773003238,SOCIEDADE CARITATIVO LITERARIO SAO JOSE,HOSPITAL,RS,FILANTRÓPICO
88633227000115,PIO SODALICIO DAS DAMAS DE CARIDADE MANT. HOS,HOSPITAL,RS,FILANTRÓPICO
88634001000139,HOSPITAL DR DEL MESE LTDA,HOSPITAL,RS,PRIVADO
88640271000152,INST GINECO ABSTET CAXIAS DO SU,AMBULATORIO,RS,PRIVADO
88640982000127,RAIO X,AMBULATORIO,RS,PRIVADO
88644380000148,LAB SANTA TECLA LTDA-CAXIAS DO,AMBULATORIO,RS,PRIVADO
88645114000130,AMBULATORIO CAXIAS,AMBULATORIO,RS,PRIVADO
88645403000562,LAB N SRA MEDIANEIRA C OPE CAXI,AMBULATORIO,RS,FILANTRÓPICO
88654298000102,HOSPITAL BENEFICENTE SAO JOAO BOSCO,HOSPITAL,RS,FILANTRÓPICO
88654637000142,LAB BIOQUIMICA,AMBULATORIO,RS,PRIVADO
88656988000192,MURIALDINAS DE SAO JOSE,AMBULATORIO,RS,SEM FINS LUCRATIVOS
88667167000151,CLINICA PROFESSOR PAULO GUEDES LTDA,HOSPITAL,RS,PRIVADO
88668322000154,LAB DE ANL CLIN DRA CLAUDETE S,AMBULATORIO,RS,PRIVADO
88669411000115,CEMA RADIOLOGIA,AMBULATORIO,RS,PRIVADO
88685102000139,LABORATORIO BIOCLINICO,AMBULATORIO,RS,PRIVADO
88688528000146,LABORATORIO OSWALDO CRUZ,AMBULATORIO,RS,PRIVADO
88702675000123,LABORATORIO CLINICO TELO LTDA,AMBULATORIO,RS,PRIVADO
88707732000167,LABORATORIO LOUIS PASTEUR LIMIT,AMBULATORIO,RS,PRIVADO
88708334000165,PRONTO SOCORRO DE FRATURAS,AMBULATORIO,RS,PRIVADO
88714761000156,LAB. GINECITO,AMBULATORIO,RS,PRIVADO
88734785000177,ASSOCIACAO HOSPITALAR SANTO ANTONIO DE PADUA,HOSPITAL,RS,PRIVADO
88736525000130,O M DA ROCHA HOSPITAL,HOSPITAL,RS,PRIVADO
88759204000151,MIRIAM PEKER & CIA LTDA,HOSPITAL,RS,PRIVADO
88760293000156,HOSPITAL SAO JOSE TRES PASSOS LTDA,HOSPITAL,RS,PRIVADO
88832704000171,FISIATRIA,AMBULATORIO,RS,PRIVADO
88836697000186,LABORATORIO CASAGRANDE,AMBULATORIO,RS,PRIVADO
88896774000193,HOSPITAL DE CARIDADE SANTO ANTONIO,HOSPITAL,RS,FILANTRÓPICO
88898838000195,HOSPITAL SAO CAMILO DE LELIS,HOSPITAL,RS,PRIVADO
88898846000131,HOSPITAL SANTO INACIO DE LOYOLA,HOSPITAL,RS,FILANTRÓPICO
88921259000116,LAB. CENTRO DE GINEC. E CITOLOG,AMBULATORIO,RS,PRIVADO
88927017000130,I O C FRATURAS,AMBULATORIO,RS,PRIVADO
88935622000152,SEFIL,AMBULATORIO,RS,PRIVADO
88951652000152,HOSPITAL GERAL DE CHARQUEADAS LTDA,HOSPITAL,RS,PRIVADO
88960802000194,CLINICA SANTA APOLONIA,AMBULATORIO,RS,PRIVADO
88962675000162,SOCIEDADE BENEFICENTE SAO JOSE,HOSPITAL,RS,FILANTRÓPICO
89003941000192,SOCIEDADE HOSPITALAR ROQUE GONZALES,HOSPITAL,RS,FILANTRÓPICO
89008775000117,RX A FAUSTO I. DE RAIO X LTDA,AMBULATORIO,RS,PRIVADO
89020259000108,LABORATORIO PRADO CASTANHO LTDA,AMBULATORIO,RS,PRIVADO
89030514000101,ALBERTO MACHADO (HOSPITAL SAO JOSE,HOSPITAL,RS,PRIVADO
89032007000107,HOSPITAL DA COMUNIDADE DE CONSTANTINA,HOSPITAL,RS,PRIVADO
89051247000140,HOSPITAL DE CARIDADE DE CRISSIUMAL,HOSPITAL,RS,FILANTRÓPICO
89108393000165,PRONTO ATENDIMENTO ERECHIM,AMBULATORIO,RS,PRIVADO
89117147000170,SOCIEDADE MEDICA LTDA.,HOSPITAL,RS,PRIVADO
89121230000112,HOSPITAL SANTA LUCIA LTDA.,HOSPITAL,RS,PRIVADO
89121446000188,LABORATORIO PEREIRA -GETULIO VA,AMBULATORIO,RS,PRIVADO
89124630000181,ASSOCIAC?O DAS DAMAS DE CARIDADE,HOSPITAL,RS,FILANTRÓPICO
89129217000100,CASA BENEFICENTE DE SAUDE RIO BRANCO,HOSPITAL,RS,FILANTRÓPICO
89137533000123,LABORATORIO MEDICLINI LTDA,AMBULATORIO,RS,PRIVADO
89137822000122,SERVACLIN SERV.ANAL.CLININICAS,AMBULATORIO,RS,PRIVADO
89163943000149,LABCEL CENTRAL ANAL.CLINICAS LT,AMBULATORIO,RS,PRIVADO
89169379000171,LABORATORIO BIOANALISES LTDA,AMBULATORIO,RS,PRIVADO
89186597000114,MEDIFIL NOVO HAMBURGO,AMBULATORIO,RS,PRIVADO
89193296000118,LAB ANAL CLIN B D LTDA,AMBULATORIO,RS,PRIVADO
89204648000193,HOSPITAL E MATERNIDADE CRISTO REI LTDA,HOSPITAL,RS,PRIVADO
89209134000120,MIGUEL VINHAS VARELLA,HOSPITAL,RS,PRIVADO
89256713000124,INSTITUTO RADIOLOGIA J C RAHAL,AMBULATORIO,RS,PRIVADO
89257281000176,POLICLINICA SAO JOSE,HOSPITAL,RS,PRIVADO
89265342000147,SANTA CASA DE CARIDADE DE DOM PEDRITO,HOSPITAL,RS,FILANTRÓPICO
89286249000119,PUNDACAO HOSPITALAR PIO XII,HOSPITAL,RS,FILANTRÓPICO
89307904000178,SOCIEDADE BENEFICENTE DOUTOR OSCAR BENEVOLLO,HOSPITAL,RS,FILANTRÓPICO
89336945000192,SAO RAFAEL HOSPITAL BENEFICENTE,HOSPITAL,RS,FILANTRÓPICO
89342174000146,LABORATORIO RAMIRO BARCELOS,AMBULATORIO,RS,PRIVADO
89343321000100,LABORATORIO TUIUTI LEANDRO GUER,AMBULATORIO,RS,PRIVADO
89354484000180,HOSPITAL BENEFICENTE SAO PEDRO,HOSPITAL,RS,FILANTRÓPICO
89380794000170,FUNDACAO AMBULATORIAL E HOSPITALAR FAHO,HOSPITAL,RS,PRIVADO
89407217000124,CLINIRIM CLINICA DOENCAS RENAIS,AMBULATORIO,RS,PRIVADO
89428106000102,LABORATàRIO DE PAT. CRUZ ALTA,AMBULATORIO,RS,PRIVADO
89428718000197,HOSPITAL DE CARIDADE,HOSPITAL,RS,FILANTRÓPICO
89428734001747,ASSOCIACAO EDUCACIONAL E CARITATIVA HOSP. STA,HOSPITAL,RS,FILANTRÓPICO
89428734001828,ASSOC. EDUC. E CARITATIVA MANT. HOSP SAO JOAO,HOSPITAL,RS,FILANTRÓPICO
89428783000112,HOSPITAL SAO ROQUE,HOSPITAL,RS,FILANTRÓPICO
89428809000122,HOSPITAL BENEFICENTE SAO LEONARDO,HOSPITAL,RS,FILANTRÓPICO
89431092000178,HOSPITAL OSVALDO CRUZ,AMBULATORIO,RS,PRIVADO
89432199000130,HOSPITAL SAO ROQUE LTDA,HOSPITAL,RS,PRIVADO
89435788000172,LABORATORIO FARAON - ERECHIM,AMBULATORIO,RS,PRIVADO
89476170000150,SOCIEDADE HOSPITALAR E MATERNIDADE SANTO AUGU,HOSPITAL,RS,PRIVADO
89476576000133,OSCAR C ORTIZ - HOSPITAL SAO LUCAS,HOSPITAL,RS,PRIVADO
89485106000136,LABORATORIO SACE CARAZINHO,AMBULATORIO,RS,PRIVADO
89504096000139,LABORATORIO CLINICO LTDA,AMBULATORIO,RS,PRIVADO
89506299000164,LABORATORIO SALUS - ERECHIM,AMBULATORIO,RS,PRIVADO
89506331000101,DIAGNOSTICO - ERECHIM,AMBULATORIO,RS,PRIVADO
89513899000150,LABORATORIO SOARES  LTDA,AMBULATORIO,RS,PRIVADO
89514376000128,LABORATORIO BARANZELLI LTDA,AMBULATORIO,RS,PRIVADO
89515696000100,RADICON,AMBULATORIO,RS,PRIVADO
89520290000108,LABOTIL LAB ANALISES CLINICAS L,AMBULATORIO,RS,PRIVADO
89553432000133,LABORATORIO FELIPPE LTDA,AMBULATORIO,RS,PRIVADO
89609010000132,HOSPITAL SAO ROQUE DE ILSA J ANDREIS,HOSPITAL,RS,PRIVADO
89609010000213,MARIO ROSSET E FILHA LTDA,HOSPITAL,RS,PRIVADO
89619530000126,LAB DE ANALISES CLINICAS BORJAS,AMBULATORIO,RS,PRIVADO
89621627000173,INQT,AMBULATORIO,RS,PRIVADO
89622690000124,LABORATORIO DAL MOLIN,AMBULATORIO,RS,PRIVADO
89629588000150,SERVICO ESPECIAL GINECOLOGIA LT,AMBULATORIO,RS,PRIVADO
89640536000185,HOSPITAL UNIVERSITARIO URCAMP,HOSPITAL,RS,FILANTRÓPICO
89646509000110,SOCIEDADE HOSPITALAR SAO JOSE,HOSPITAL,RS,FILANTRÓPICO
89657639000158,FUNDACAO HOSPITALAR DO AGRICULTOR DE CAMPOS B,HOSPITAL,RS,FILANTRÓPICO
89659254000120,LIGA DE ASSISTENCIA SOCIAL HOSPITAL NOSA SENH,HOSPITAL,RS,FILANTRÓPICO
89667893000137,FUNDACAO HOSPITALAR DE ROLANTE,AMBULATORIO,RS,FILANTRÓPICO
89701858000197,HOSPITAL SANTO ANTONIO,HOSPITAL,RS,FILANTRÓPICO
89706568000136,PRONTOMED,AMBULATORIO,RS,PRIVADO
89731251000150,CLIMEDE SERVICO DE PATOLOG CLIN,AMBULATORIO,RS,PRIVADO
89747240000168,HOSPITAL CAMAQUA LTDA,HOSPITAL,RS,FILANTRÓPICO
89747448000187,PAP PRONTO ATEND.PERMANENTE LTD,AMBULATORIO,RS,PRIVADO
89753917000170,HOSPITAL COMUNITARIO  SARANDI,HOSPITAL,RS,FILANTRÓPICO
89778278000440,COMUNIDADE ENVANGELICA REDENTORMANT. HOSPITAL,HOSPITAL,RS,FILANTRÓPICO
89781173000106,ASSOCIAC?O BENEFICENTE OURO BRANCO,HOSPITAL,RS,FILANTRÓPICO
89805188000159,INSTITUTO RAD. B. GONÇALVES LTD,AMBULATORIO,RS,PRIVADO
89806418000102,LAB.GRAMADENSE ANALISES CLINICA,AMBULATORIO,RS,PRIVADO
89814693000240,HOSPITAL CENTENARIO,HOSPITAL,RS,PRIVADO
89820203000138,SERV REGIONAL DE RADIOTERAPIA,AMBULATORIO,RS,PRIVADO
89843395000106,HOSP BENEF CIBELLI,HOSPITAL,RS,PRIVADO
89847370000172,HOSPITAL BENEFICENTE SAO CARLOS,HOSPITAL,RS,FILANTRÓPICO
89891337000140,HOSPITAL DE CARIDADE SAO ROQUE,HOSPITAL,RS,FILANTRÓPICO
89912463000133,INSTITUTO RADIOLOGIA CARAZINHO,AMBULATORIO,RS,PRIVADO
89914568000121,PRONTO SOCORRO DO HOSPITAL,AMBULATORIO,RS,PRIVADO
89941561000107,HOSPITAL SCHLATTER LTDA,HOSPITAL,RS,PRIVADO
89942791000182,LABORATORIO RUZZARIN - PANAMBI,AMBULATORIO,RS,PRIVADO
89963334000174,SOCIEDADE BENEFICENTE HOSPITALAR NOSSA SENHOR,HOSPITAL,RS,FILANTRÓPICO
89968531000186,INSTIT RAD NICANOR V RODRIGUES,AMBULATORIO,RS,PRIVADO
89969554000105,LAB. S T MATTEI,AMBULATORIO,RS,PRIVADO
89970297000121,LABORATORIO KLIEMANN LTDA,AMBULATORIO,RS,PRIVADO
89970909000186,INST DE RADIOLOGIA BENETTI LTDA,AMBULATORIO,RS,PRIVADO
89970925000179,CLINICA RENAL DR GATZ LTDA,AMBULATORIO,RS,PRIVADO
89987473000138,SOCED. HOSP. BENEFICIENTE SANTO ANTONIO,HOSPITAL,RS,PRIVADO
89999783000172,LABORATORIO HUGO PANIZ,AMBULATORIO,RS,PRIVADO
90052432000139,LABORATORIO LAPLACE LTDA,AMBULATORIO,RS,PRIVADO
90052804000127,HOSPITAL BENEFICENTE SAO PEDRO,HOSPITAL,RS,FILANTRÓPICO
90054206000197,HOSPITAL BENEFICENTE SAO ROQUE,HOSPITAL,RS,FILANTRÓPICO
90140468000174,HOSPITAL DE CARIDADE DE MATA,HOSPITAL,RS,FILANTRÓPICO
90154204000170,HOSPITAL SANTO ANTONIO LTDA.,HOSPITAL,RS,PRIVADO
90154865000103,CLINICA FISIOTERAPICA LTDA,AMBULATORIO,RS,PRIVADO
90155763000102,LABORATORIO SCHMITT,AMBULATORIO,RS,PRIVADO
90156217000188,HOSPITAL SAO ROQUE DE GETULIO VARGAS,HOSPITAL,RS,FILANTRÓPICO
90161233000169,LAB.BLATTES LTDA - CARAZINHO,AMBULATORIO,RS,PRIVADO
90161399000185,CLINICA DE TRAUMATO,AMBULATORIO,RS,PRIVADO
90161928000140,CLINICA REABIL FISIOTERAPIA LTD,AMBULATORIO,RS,PRIVADO
90162454000151,HOSPITAL DE CARIDADE BENEFICENTE VICTOR GRAEF,HOSPITAL,RS,FILANTRÓPICO
90163270000106,ASSOCIACAO PROTETORA DO HOSPITAL SANTA  LIBER,HOSPITAL,RS,FILANTRÓPICO
90164377000179,SOCIEDADE HOSPITALAR BENEFICENTE AJURICABA,HOSPITAL,RS,FILANTRÓPICO
90167107000111,SOCIEDADE HOSPITALAR DE CARIDADE DE CAMPO NOV,HOSPITAL,RS,FILANTRÓPICO
90167289000120,HOSPITAL BOM PASTOR - STO AUGUS,AMBULATORIO,RS,FILANTRÓPICO
90169061000170,CENTRO RADIOLOGICO HOSP DA CIDA,AMBULATORIO,RS,PRIVADO
90188525000195,LABORAN,AMBULATORIO,RS,PRIVADO
90194887000199,SOCIEDADE HOSPITALAR DE CARIDADE SAO ROQUE,HOSPITAL,RS,FILANTRÓPICO
90199159000170,ASSISTENCIAL HOSPITALAR CATUIPE LTDA,HOSPITAL,RS,PRIVADO
90256389000123,HOSPITAL TRES FORQUILHAS,HOSPITAL,RS,PRIVADO
90257726000105,FYSIOKLIN - TRAMANDAI,AMBULATORIO,RS,PRIVADO
90262791000110,HOSPITAL DE CARIDADE SANTA TEREZINHA,HOSPITAL,RS,FILANTRÓPICO
90264276000170,BIL DIAG LAB DE ANALISES CLINIC,AMBULATORIO,RS,PRIVADO
90299009000138,HOSPITAL CLINICAS DR LAZZAROTTO LTDA,HOSPITAL,RS,PRIVADO
90306473000104,SINDICATO,AMBULATORIO,RS,FILANTRÓPICO
90322579000282,CLIN RENAL STA LUCIA - SANTA RO,AMBULATORIO,RS,PRIVADO
90327297000197,LABORATORIO DR APPEL,AMBULATORIO,RS,PRIVADO
90352691000185,HOSPITAL NOSSA SENHORA DO LIVRAMENTO,HOSPITAL,RS,FILANTRÓPICO
90396409000161,HOSPITAL DE CARIDADE SAO ROQUE - DL,HOSPITAL,RS,PRIVADO
90397167000120,SOCIEDADE BENEFICENTE HOSPITAL PAROQUIAL N? S,HOSPITAL,RS,FILANTRÓPICO
90397555000535,PIA SOCIEDADE DOS PADRES CARLISTAS,HOSPITAL,RS,FILANTRÓPICO
90397555001345,PIA SOCIEDADE DOS PADRES CARLISTAS HOSPITAL S,HOSPITAL,RS,FILANTRÓPICO
90403874000182,MULTICLINICAS V. SINOS LTDA/NH,AMBULATORIO,RS,PRIVADO
90450412000116,CENTRO MED SAPIRANGA,AMBULATORIO,RS,PRIVADO
90456070000141,SOCIEDADE HOSPITALAR SANTA TEREZA,HOSPITAL,RS,FILANTRÓPICO
90468471000111,TRAUMOCLINICA,AMBULATORIO,RS,PRIVADO
90480823000154,CENTRO DE URONEFROLOGIA,AMBULATORIO,RS,PRIVADO
90482480000167,LABORATORIO BASSO - SANANDUVA,AMBULATORIO,RS,PRIVADO
90487539000100,CEMEFIR,AMBULATORIO,RS,PRIVADO
90523010000102,OSVALDO CRUZ,HOSPITAL,RS,PRIVADO
90523978000120,MAURICIO CARDOSO LTDA,HOSPITAL,RS,PRIVADO
90543364000100,MEDISINOS,AMBULATORIO,RS,PRIVADO
90545963000163,NEFRO-CLINICA SAO LOURENCO LTDA,AMBULATORIO,RS,PRIVADO
90546078000107,REVICLIN CLINICA RENAL,AMBULATORIO,RS,PRIVADO
90554098000111,PRO ANALISE LAB ANALISE CLIN LT,AMBULATORIO,RS,PRIVADO
90554098000383,LABORATORIO,AMBULATORIO,RS,PRIVADO
90601725000128,CLINEFRO SERVICO NEFROLOGIA LTD,AMBULATORIO,RS,PRIVADO
90604414000112,SOCIEDADE BENEFICIENTE SAO LUIZ DE MOSTARDAS,HOSPITAL,RS,FILANTRÓPICO
90613464000166,LABORATORIO DE ANALISES CLINICA,AMBULATORIO,RS,PRIVADO
90619248000128,HOSPITAL SANTA TERESINHA,HOSPITAL,RS,FILANTRÓPICO
90657289000451,COOP AGRIC MIXTA GEN OSORIO LTDA HOSP SANTA H,HOSPITAL,RS,PRIVADO
90660200000163,SOCIEDADE HOSPITALAR XV DE NOVEMBRO,HOSPITAL,RS,FILANTRÓPICO
90730508000138,ASSOCIACAO HOSPITAL DE CARIDADE IJUI,HOSPITAL,RS,FILANTRÓPICO
90735622000150,ASSOCIACAO PROTETORA HOSPITAL SAO FRANCISCO,HOSPITAL,RS,FILANTRÓPICO
90741463000105,SINDICATO DOS TRABALHADORES RUR,AMBULATORIO,RS,FILANTRÓPICO
90775115000140,CENTROTRAUMA,AMBULATORIO,RS,PRIVADO
90778382000171,HOSPITAL SAGRADO CORACAO DE JESUS LTDA,HOSPITAL,RS,PRIVADO
90791609000119,LABORATORIO CLINILABOR,AMBULATORIO,RS,PRIVADO
90791872000108,LABORATORIO BIOCLINICO,AMBULATORIO,RS,PRIVADO
90798836000176,HOSPITAL SAO VICENTE FERRER,HOSPITAL,RS,FILANTRÓPICO
90803016000125,CLINICA DE REABILITACAO LAGEADO,AMBULATORIO,RS,PRIVADO
90804501000113,LABORATORIO PATOLOGIA CIRURGICA,AMBULATORIO,RS,PRIVADO
90804675000186,LABORATORIO PROCHNOW LTDA,AMBULATORIO,RS,PRIVADO
90805375000111,LABORATORIO CANDELARIA,AMBULATORIO,RS,PRIVADO
90823758000112,FUNDACAO BENEFICENTE SALDANHA MARINHO,HOSPITAL,RS,PRIVADO
90826041000124,LABORATORIO SAUDE,AMBULATORIO,RS,PRIVADO
90830233000104,PROSAUDE,AMBULATORIO,RS,PRIVADO
90839598000108,SOCIEDADE HOSPITALAR N  S  AUXILIADORA,HOSPITAL,RS,PRIVADO
90841719000148,SOCIEDADE BENEFICIENTE NOSSA SENHORA MEDIANEI,HOSPITAL,RS,FILANTRÓPICO
90863366000187,SOC. HOSPITAL DE CARIDADE DE ALECRIM,HOSPITAL,RS,FILANTRÓPICO
90867110000148,LABORATORIO REGIS,AMBULATORIO,RS,PRIVADO
90868449000169,ASSOCIACAO COMUNITARIA HOSPITALAR DE ARATIBA,HOSPITAL,RS,FILANTRÓPICO
90893637000147,LABORATORIO SANTA CATARINA,AMBULATORIO,RS,PRIVADO
90894221000143,SOCIEDADE HOSPITALAR COMUNITARIA E BENEFICIEN,HOSPITAL,RS,FILANTRÓPICO
90895251000174,PRONTOMED MONTENEGRO,AMBULATORIO,RS,PRIVADO
90902883000118,HOSPITAL E POLICLINICA ARROIO DA SECA LTDA,HOSPITAL,RS,PRIVADO
90928151000105,HOSPITAL SAO PATRICIO DE ITAQUI,HOSPITAL,RS,FILANTRÓPICO
90933482000125,REUMATO/URGECLIN,AMBULATORIO,RS,PRIVADO
90936774000111,FUND. HOSPITALAR DR. OSWALDO DI,AMBULATORIO,RS,FILANTRÓPICO
90938713000193,ASSOCIACAO BENEFICIENTE SAO JOAO DA RESERVA,HOSPITAL,RS,FILANTRÓPICO
90956590000113,SOCIEDADE HOSPITALAR BARROS CASSAL LTDA,HOSPITAL,RS,PRIVADO
90971870000109,HOSP BOM PASTOR SA,HOSPITAL,RS,PRIVADO
90971870000443,HOSP BOM PASTOR SA,HOSPITAL,RS,PRIVADO
90983321000146,LABORATORIO FARROUPILHA LIMITAD,AMBULATORIO,RS,PRIVADO
91024562000120,HOSPITAL BERNARDINA SALLES DE BARROS,HOSPITAL,RS,FILANTRÓPICO
91026138000115,SOCIEDADE HOSPITALAR NOSSA SENHORA DA PIEDADE,HOSPITAL,RS,FILANTRÓPICO
91090936000106,HOSPITAL N. SRA. LIVRAMENTO,AMBULATORIO,RS,FILANTRÓPICO
91098889000147,COM ASSIST SIND DE ROCA SALES.,AMBULATORIO,RS,PRIVADO
91099002000135,HOSPITAL BENEFICENTEW SANTO ANTONIO DE RELVAD,HOSPITAL,RS,FILANTRÓPICO
91100537000189,LAB FLEMING,AMBULATORIO,RS,PRIVADO
91104679000114,LABORATORIO MATTES ANAL. CLINIC,AMBULATORIO,RS,PRIVADO
91123067000179,LAB BIOMED I. BIOANALISESLTDA,AMBULATORIO,RS,PRIVADO
91149294000173,URGETRAUMA,AMBULATORIO,RS,PRIVADO
91149294000254,URGETRAUMA,AMBULATORIO,RS,PRIVADO
91154898000108,SOCIEDADE HOSPITALAR SAO GABRIEL ARCANJO,HOSPITAL,RS,FILANTRÓPICO
91160358000137,SOCIEDADE DE CARIDADEE BENEF. MARQUES DE SOUZ,HOSPITAL,RS,FILANTRÓPICO
91162511000165,SOCIEDADE BENEFICENCIA E CARIDADE DE LAJEADO,HOSPITAL,RS,FILANTRÓPICO
91167098000121,HOSPITAL DE CARIDADE SAO JOSE,HOSPITAL,RS,FILANTRÓPICO
91167528000296,CLARA IVONE RUSCHEL & CIA LTDA HOSPITAL CONVE,HOSPITAL,RS,PRIVADO
91198796000194,LACE LAB. DE ANAL CLIN ERECHIM,AMBULATORIO,RS,PRIVADO
91271767000100,HOSPITAL SAO ROQUE,HOSPITAL,RS,FILANTRÓPICO
91272732000196,HOSPITAL SANTA TEREZINHA,HOSPITAL,RS,FILANTRÓPICO
91295626000128,LABORATORIO SANTANA,AMBULATORIO,RS,PRIVADO
91305912000127,"VIEIRA, GUERREIRO E SEGURA LTDA",HOSPITAL,RS,PRIVADO
91335513000109,CLINICA DR FREDERICO LAYDNER,HOSPITAL,RS,PRIVADO
91335828000156,SOCIEDADE BENEFICENTE SAO JOSE,HOSPITAL,RS,FILANTRÓPICO
91340869000130,UNI RIM,AMBULATORIO,RS,PRIVADO
91341768000184,SEGALA E CIA LTDA,AMBULATORIO,RS,PRIVADO
91344069000198,CLINICA DE MEDICINA NUCLEAR LTD,AMBULATORIO,RS,PRIVADO
91365718000137,ORDEM AUXILIADORA SENHORAS EVANGELICAS DE MON,HOSPITAL,RS,SEM FINS LUCRATIVOS
91370379000187,SOCIEDADE DE BENEFICIENCIA E CARIDADE DE BROC,HOSPITAL,RS,PRIVADO
91495994000110,HOSPITAL BENEFICENCIA ALTO JACUI,HOSPITAL,RS,FILANTRÓPICO
91554964000137,LABORATORIO DE ANALISES CLINICA,AMBULATORIO,RS,PRIVADO
91557850000140,LABORATORIO ARY COSTA,AMBULATORIO,RS,PRIVADO
91562801000104,INSTITUTO REAB.FISIOTERAOPIA LT,AMBULATORIO,RS,PRIVADO
91565929000113,ASSOCIACAO DE DESENVOLVIMENTO COMUNITARIO DE,HOSPITAL,RS,PRIVADO
91569038000135,HOSPITAL COLONIA NOVA BAGE,AMBULATORIO,RS,FILANTRÓPICO
91573519000114,ASSOC ALTO JACUIS DES SOCIAL ADESSO,HOSPITAL,RS,PRIVADO
91588731000155,ORDEM AUXILIADORA SENHORAS ENVANGELISTAS NOVA,HOSPITAL,RS,FILANTRÓPICO
91616805000110,HOSPITAL SAO JOAO BATISTA,HOSPITAL,RS,FILANTRÓPICO
91617407000118,HOSPITAL BENEFICENTE NOSSA SENHORA APARECIDA,HOSPITAL,RS,FILANTRÓPICO
91617480000190,HOSPITAL BENEFICENTE SAO PEDRO,HOSPITAL,RS,FILANTRÓPICO
91617803000145,SINDICATO RURAL DE NOVA PRATA,AMBULATORIO,RS,FILANTRÓPICO
91635466000119,INST.DE NEFROLOGIA DE NH/ LTDA.,AMBULATORIO,RS,PRIVADO
91643536000180,FISIO ASP DA SILVA CIA LTDA,AMBULATORIO,RS,PRIVADO
91681361000368,ASSOCIACAO CONGREGACAO DE SANTA CATARINA,HOSPITAL,RS,FILANTRÓPICO
91681361000600,ASSOCIACAO CONGREGACAO DE SANTA CATARINA,HOSPITAL,RS,FILANTRÓPICO
91681361001500,HOSPITAL NOSSA SRA DAS GRACAS,HOSPITAL,RS,FILANTRÓPICO
91681361001844,ASSOCIACAO CONGREGACAO DE SANTA CATARINA,HOSPITAL,RS,FILANTRÓPICO
91687376000171,EXAME LABORATORIO NOV  HAMBURGO,AMBULATORIO,RS,PRIVADO
91687822000148,LABORATORIO SEBOLT N H,AMBULATORIO,RS,PRIVADO
91691865000105,REABILITA CENTRO DE FISIOT LTDA,AMBULATORIO,RS,PRIVADO
91699454000158,LABORATORIO ALFA LTDA/N.HAMBURG,AMBULATORIO,RS,PRIVADO
91710954000143,CLINICA MEDICA DE URGENCIA STA,AMBULATORIO,RS,PRIVADO
91726745000198,FISIOCL╓NICA FERRAZ,AMBULATORIO,RS,PRIVADO
91868828000111,LAB ANáLISES CLíNICAS COLVERO L,AMBULATORIO,RS,PRIVADO
91880930000132,SINDICATO DOS PESCADORES,AMBULATORIO,RS,SEM FINS LUCRATIVOS
91884924000153,SOCIEDADE BENEFICENTE SAO JOSE,HOSPITAL,RS,FILANTRÓPICO
91884957000101,SOCIEDADE BENEFICENTE SAO VICENTE DE PAULO,HOSPITAL,RS,FILANTRÓPICO
91889329000100,COMPLEXO HOSP. ULBRA MARIO TOTTA,HOSPITAL,RS,FILANTRÓPICO
91895060000175,ORTOPEDIA CARLOS BARBOSA,AMBULATORIO,RS,PRIVADO
91945204000150,ASSOCIACAO DO HOSPITAL DE CARIDADE DE PALMEIR,HOSPITAL,RS,FILANTRÓPICO
91983874000161,SOCIEDADE HOSPITAL BENEFICENTE DE CONDOR,HOSPITAL,RS,FILANTRÓPICO
91985275000187,SOCIEDADE HOSPITAL PANAMBI,HOSPITAL,RS,PRIVADO
91996074000185,ASSOCIACAO DE DESENVOLVIMENTO COMUNITARIO DE,HOSPITAL,RS,PRIVADO
92003425000172,SOCIEDADE HOSPITALAR CORONEL DICO,HOSPITAL,RS,FILANTRÓPICO
92005511000203,HOSPITAL SANTA RITA,HOSPITAL,RS,PRIVADO
92017516001058,CONGREGACAO DE NOSSA SENHORA MANTENED HOSPITA,HOSPITAL,RS,FILANTRÓPICO
92017516001481,CONGREGACAO DE NOSSA SENHORA MANTENEDORA,HOSPITAL,RS,FILANTRÓPICO
92021062000106,SOCIEDADE HOSPITALAR BENEFICENTE SAO VICENTE,HOSPITAL,RS,FILANTRÓPICO
92025006000131,HOSPITAL SAO JOSE,HOSPITAL,RS,FILANTRÓPICO
92025303000187,CLIN. CULT. E BENEF. STA. ROSA,AMBULATORIO,RS,PRIVADO
92030543000170,HOSPITAL DA CIDADE DE PASSO FUNDO,HOSPITAL,RS,FILANTRÓPICO
92034321000125,AMBULATàRIO CENTRAL,AMBULATORIO,RS,PRIVADO
92045129000134,CENTRO FISIOT.V. DOS SINOS LTDA,AMBULATORIO,RS,PRIVADO
92047240000160,PRONTO SOCORRO PASSO FUNDO,AMBULATORIO,RS,PRIVADO
92050095000176,VISSOM,AMBULATORIO,RS,PRIVADO
92090745000107,LABORATORIO SAMAR - CAMPOS BORG,AMBULATORIO,RS,PRIVADO
92097534000104,PRONTOTRAUMA,AMBULATORIO,RS,PRIVADO
92183615000119,SANTA CASA DE MISERICORDIA DE PEDRO OSORIO,HOSPITAL,RS,FILANTRÓPICO
92190677000158,HOSPITAL MIGUEL PILTCHER,AMBULATORIO,RS,PRIVADO
92202498000193,HOSPITAL ESPIRITA DE PELOTAS,HOSPITAL,RS,FILANTRÓPICO
92206325000143,HOSPITAL DR ERNESTO MAURICIO ARNDT,HOSPITAL,RS,PRIVADO
92219070000153,SOCIEDADE PORTUGUESA DE BENEFICIENCIA,HOSPITAL,RS,FILANTRÓPICO
92219559000125,SANTA CASA DE MISERICORDIA DE PELOTAS,HOSPITAL,RS,FILANTRÓPICO
92229335000102,INSTITUTO DE PNEUMOLOGIA LTDA,AMBULATORIO,RS,PRIVADO
92238914000294,SOCIEDADE PELOTENSE DE ASSISTENCIA E CULTURA,HOSPITAL,RS,FILANTRÓPICO
92240605000178,CENTRO CLINICO NH LTDA.,AMBULATORIO,RS,PRIVADO
92241074000138,COLONIA DE PESCADORES Z3,AMBULATORIO,RS,PRIVADO
92250471000176,CLIMED,AMBULATORIO,RS,PRIVADO
92313659000116,LAB BIOCLINICO ANTONIO CARAZZO,AMBULATORIO,RS,PRIVADO
92397736000163,HISTOLAB LAB ANATOMIA PAT CITOL,AMBULATORIO,RS,PRIVADO
92404789000164,SOC. BENEF. DO HOSPITAL DE CARIDADE,HOSPITAL,RS,FILANTRÓPICO
92453349000105,SOCIEDADE BENEFICENTE SAO JUDAS TADEU,HOSPITAL,RS,FILANTRÓPICO
92455195000182,BANCO DE SANGUE,AMBULATORIO,RS,PRIVADO
92459387000167,LABORATORIO SANGOI,AMBULATORIO,RS,PRIVADO
92464858000125,EXAME LAB DE AN CLIN - DOM PEDR,AMBULATORIO,RS,PRIVADO
92468008000103,UNIMAGEM,AMBULATORIO,RS,PRIVADO
92516780000145,CON DE RAD CLIN ILHA PORTO E PA,AMBULATORIO,RS,PRIVADO
92535210000100,ORTRA CLIN ORTOP TRAUM URG LTDA,AMBULATORIO,RS,PRIVADO
92620921000175,ASSOCIACAO DE ASSITENCIA SOCIAL HOSPITAL PINH,HOSPITAL,RS,FILANTRÓPICO
92637792000128,HOSPITAL DE CARIDADE NOSSA SENHORA DA CONCEIC,HOSPITAL,RS,FILANTRÓPICO
92683044000181,CLINICA NEUROLOGIA NEUROCIR LTD,AMBULATORIO,RS,PRIVADO
92685445000170,LABORATORIO LUTZ LTDA,AMBULATORIO,RS,PRIVADO
92697291000137,HOSPITAL ESPIRITA DE PORTO ALEGRE,HOSPITAL,RS,FILANTRÓPICO
92707959000180,INSTITUTO DE GINECOLOGIA DO RGS,AMBULATORIO,RS,PRIVADO
92711530000166,IOF ORTOP-TRAUM-IOF RAD-IOF FIS,AMBULATORIO,RS,PRIVADO
92713593000151,LABORATORIO LAFONT LTDA,AMBULATORIO,RS,PRIVADO
92713825000171,SANATORIO BELEM,HOSPITAL,RS,FILANTRÓPICO
92724699000150,HOSPITAL IPIRANGA LTDA,HOSPITAL,RS,PRIVADO
92729599000117,LABORATORIO DELTA,AMBULATORIO,RS,PRIVADO
92740539000103,SOCIEDADE PORTUGUESA DE BENEFICENCIA DE PORTO,HOSPITAL,RS,FILANTRÓPICO
92741271000116,HOSPITAL INDEPENDENCIA,HOSPITAL,RS,PRIVADO
92743558000185,HOSP MAIA FILHO LTDA,HOSPITAL,RS,PRIVADO
92746072000109,HOSPITAL PETROPOLIS LTDA,HOSPITAL,RS,PRIVADO
92760883000156,LAB. GEYER ANALISES CL LTDA,AMBULATORIO,RS,PRIVADO
92770221000752,SOC. BENEF. CRUZEIRAS DE SAO FRANCISCO,HOSPITAL,RS,FILANTRÓPICO
92777234000168,LABORATORIO PASTEUR LTDA,AMBULATORIO,RS,PRIVADO
92777465000171,INSTITUTO FISIOT PRF L ROCCO LT,AMBULATORIO,RS,PRIVADO
92777598000148,LABORATORIO TORELLY  LTDA,AMBULATORIO,RS,PRIVADO
92781046000103,SERV TRANSFUSAO SANGUE REUNIDAS,AMBULATORIO,RS,PRIVADO
92812049000914,SOCIEDADE EDUCACAO E CARIDADE,HOSPITAL,RS,FILANTRÓPICO
92812049001139,HOSPITAL DE CARIDADE DE VIAMAO,HOSPITAL,RS,FILANTRÓPICO
92812049001309,SOCIEDADE EDUCACAO E CARIDADE,HOSPITAL,RS,FILANTRÓPICO
92812049001562,HOSPITAL SAO SALVADOR,HOSPITAL,RS,FILANTRÓPICO
92812049001805,SOCIEDADE EDUCACAO E CARIDADE HOSPITAL ARCANJ,HOSPITAL,RS,FILANTRÓPICO
92812049001996,SOC. EDUCACAO E CARIDADE MANT. DO HOSP. CARID,HOSPITAL,RS,FILANTRÓPICO
92812049002100,SOCIEDADE DE EDUCACAO E CARIDADE,HOSPITAL,RS,FILANTRÓPICO
92812049003859,SOC EDUCACAO DE CARIDADE HOSP CARIDADE SAO JO,HOSPITAL,RS,FILANTRÓPICO
92812049004235,SOCIEDADE EDUCACAO E CARIDADE,HOSPITAL,RS,FILANTRÓPICO
92812049004901,SOC EDUC E CAR MANT HOSP SAO RAFAEL ARCANJO,HOSPITAL,RS,FILANTRÓPICO
92812049005126,HOSPITAL BENEFICENTE SANTA TERESINHA,HOSPITAL,RS,FILANTRÓPICO
92815000000168,IRMANDADE DA SANTA CASA DE MISERICORDIA DE PO,HOSPITAL,RS,FILANTRÓPICO
92815000000320,IRMANDADE SANTA CASA DE MISERICORDIA DE PORTO,HOSPITAL,RS,FILANTRÓPICO
92815000000400,IRMANDADE SANTA CASA DE MISERICORDIA DE PORTO,HOSPITAL,RS,FILANTRÓPICO
92815000000591,IRMANDADE DA SANTA CASA DE MISERICORDIA DE PO,HOSPITAL,RS,FILANTRÓPICO
92820604000100,HOSPITAL VILA NOVA LTDA,HOSPITAL,RS,PRIVADO
92827161000171,LAB. SERV ESP DE GINECOLOGIA LT,AMBULATORIO,RS,PRIVADO
92839711000172,LABORATORIO GODOY LTDA,AMBULATORIO,RS,PRIVADO
92840925000169,LAB. MOOGEN LTDA,AMBULATORIO,RS,PRIVADO
92848969000135,TRAUMOCLIN,AMBULATORIO,RS,PRIVADO
92852680000866,SOCIEDADE BRASILEIRA CULTURAL E BENEF. HOSPIT,HOSPITAL,RS,FILANTRÓPICO
92853951000121,LABORATORIO MARQUES PEREIRA LTD,AMBULATORIO,RS,PRIVADO
92859883000108,SERV DE NEUROLOGIA ELETRO-ENCE,AMBULATORIO,RS,PRIVADO
92861830000121,LABORATORIO ANDRADAS LTDA,AMBULATORIO,RS,PRIVADO
92869627000100,CENTRO REAB STA TEREZINHA,AMBULATORIO,RS,PRIVADO
92870799000195,INSTITUTO DE ORTOPEDIA,AMBULATORIO,RS,PRIVADO
92871250000115,SOS OSSOS ORTP TRAUMAT LTDA,AMBULATORIO,RS,PRIVADO
92873413000360,HOSPITAL BENEFICENTE SANTA LUZIA,HOSPITAL,RS,FILANTRÓPICO
92875111000160,SERVICO DE MEDICINA FISICA LTDA,AMBULATORIO,RS,PRIVADO
92885664000101,LABORATORIO SANTA HELENA LTDA,AMBULATORIO,RS,PRIVADO
92886910000131,FISIOCLINICA DE PORTO ALEGRE LT,AMBULATORIO,RS,PRIVADO
92898550000198,FUNDACAO UNIVERSITARIA DE CARDIOLOGIA/INST DE,HOSPITAL,RS,FILANTRÓPICO
92898550000279,HOSPITAL DE ALVORADA,AMBULATORIO,RS,FILANTRÓPICO
92898550000350,HOSPITAL DE CACHOEIRINHA,AMBULATORIO,RS,FILANTRÓPICO
92902303000118,CEREPAL,AMBULATORIO,RS,FILANTRÓPICO
92902675000144,URBIS LABORATORIO - BAR. COTEGI,AMBULATORIO,RS,PRIVADO
92904408000106,LABORATORIO DALLA CORTE,AMBULATORIO,RS,PRIVADO
92914183000179,CBR CLINICA BEIRA RIO LTDA,AMBULATORIO,RS,PRIVADO
92921782000209,LABORATORIO CARLOS CHAGAS LTDA,AMBULATORIO,RS,PRIVADO
92928126000149,LABORATORIO PORTO ALEGRE  LTDA,AMBULATORIO,RS,PRIVADO
92930502000130,ASSOC FERROVIARIOS SUL RIOGRAN-,AMBULATORIO,RS,FILANTRÓPICO
92932839000186,INSTITUTO DE DIAGNOSTICOS LTDA,AMBULATORIO,RS,PRIVADO
92932854000124,SERVICO DE ASSISTENCIA EDUCACAO E READAPTACAO,HOSPITAL,RS,PRIVADO
92935659000158,LAB.PESQ.MEDICAS BIOCIENCIAS LT,AMBULATORIO,RS,PRIVADO
92942564000161,LABORATORIO ENDOCRIMETA LTDA,AMBULATORIO,RS,PRIVADO
92943901000135,FUEFE F.U.ENDOCRINOL E FERTILID,AMBULATORIO,RS,PRIVADO
92946268000139,CLIN REUMA MED FISICA RECUPERAC,AMBULATORIO,RS,PRIVADO
92962869000720,SOCIEDADE DE LITERATURA E BENEFICENCIA,HOSPITAL,RS,FILANTRÓPICO
92962869001026,SOCIEDADE DE LITERATURA E BENEFICIENCIA,HOSPITAL,RS,FILANTRÓPICO
92962869001379,SOCIEDADE DE LITERATURA E BENEFICENCIA,HOSPITAL,RS,FILANTRÓPICO
92962869002006,SOCIEDADE DELITERATURA E BENEFICIENCIA,HOSPITAL,RS,FILANTRÓPICO
92967496000438,ASSOC.DOS SERV.HIDROVIARIOS RGS,AMBULATORIO,RS,FILANTRÓPICO
92969880000127,INST ESP DE GINICOLOGIA E OBSTE,AMBULATORIO,RS,PRIVADO
92985274000103,ORTOPEDIA SANTO ANTONIO,AMBULATORIO,RS,PRIVADO
92990043000180,CENTRO DE FISIOTERAPIA LTDA,AMBULATORIO,RS,PRIVADO
92996453000138,CENTROTRAUMA,AMBULATORIO,RS,PRIVADO
93001956000199,LABORATORIO ANALISES JEFFMAN LT,AMBULATORIO,RS,PRIVADO
93012904001785,SOCIEDADE EDUCACIONAL E BENEFICENTE SAO CARLO,HOSPITAL,RS,FILANTRÓPICO
93012904002242,SOCIEDADE EDUCACIONAL E BENEFICENTE SAO CARLO,HOSPITAL,RS,FILANTRÓPICO
93020253000108,LAB CLINICO RIES LTDA,AMBULATORIO,RS,PRIVADO
93177038000115,LAB. CPEG,AMBULATORIO,RS,PRIVADO
93297257000138,LABORATORIO HOLLWEG LTDA,AMBULATORIO,RS,PRIVADO
93302404000110,LABORATORIO MED.DYRIO GORGOT LT,AMBULATORIO,RS,PRIVADO
93426500000170,LABORATORIO ERECHIM LTDA,AMBULATORIO,RS,PRIVADO
93452910000196,LABORATORIO KRINDGES,AMBULATORIO,RS,PRIVADO
93472439000106,LABORATORIO TORRES,AMBULATORIO,RS,PRIVADO
93537884000107,POSTO INDIGENA - SAO VALENTIN,AMBULATORIO,RS,PRIVADO
93540193000154,LABORATORIO ALBUQUERQUE CARAZIN,AMBULATORIO,RS,PRIVADO
93592947000110,HOSPITAL SAO NICOLAU,AMBULATORIO,RS,PRIVADO
93847432000113,ASSOCIACAO HOSPITALAR NOVO HAMBURGO,HOSPITAL,RS,PRIVADO
93875110000188,LABORATORIO CLINICO FONTOURA LT,AMBULATORIO,RS,PRIVADO
94007499000102,CLINICA SOLEDADE,AMBULATORIO,RS,PRIVADO
94051612000157,LAB BIO DIAG DEANAL CLIN - PANA,AMBULATORIO,RS,PRIVADO
94391356000147,TRAUMOSUL,AMBULATORIO,RS,PRIVADO
94449907000186,HOSPITAL DE CHIAPETTA,AMBULATORIO,RS,PRIVADO
94474178000118,CITOLAB LAB CITOPATOL GINECOLOG,AMBULATORIO,RS,PRIVADO
94577715000155,LABORATORIO COLOMBI LTDA.,AMBULATORIO,RS,PRIVADO
94746567000155,SOCIEDADE  HOSPITAL SAO JOSE,HOSPITAL,RS,FILANTRÓPICO
94757986000192,FUNDACAO HOSPITALAR DE CARIDADE DE QUARAI,HOSPITAL,RS,FILANTRÓPICO
94795804000178,HOSPITAL DE CARIDADE SAO FRANCISCO,HOSPITAL,RS,FILANTRÓPICO
94819141000184,LABORATORIO SOMER LTDA,AMBULATORIO,RS,PRIVADO
94862265000142,ASSOCIACAO DE CARIDADE SANTA CASA DO RIO GRAN,HOSPITAL,RS,FILANTRÓPICO
94866258000119,SOCIEDADE PORTUGUESA DE BENEFICENCIA,HOSPITAL,RS,FILANTRÓPICO
94869302000144,CLIN ESP ACIDENTES DO TRABALHO,AMBULATORIO,RS,PRIVADO
95112066000180,IRMANDADE DE CARIDADE DO SENHOR BOM JESUS DOS,HOSPITAL,RS,FILANTRÓPICO
95115440000109,SOCIEDADE HOSPITALAR NOSSA SENHORA DO ROSARIO,HOSPITAL,RS,PRIVADO
95196044000145,SOCIEDADE BENEFICENTE ROQUE GONZALES,HOSPITAL,RS,FILANTRÓPICO
95281929000142,HOSPITAL DE CARIDADE NOSSA SENHORA AUXILIADOR,HOSPITAL,RS,FILANTRÓPICO
95284071000170,SINDIC. DOS TRAB. IND. ALIMENTA,AMBULATORIO,RS,PRIVADO
95324265000151,FUNDACAO HOSPITALAR DE IBIACA,HOSPITAL,RS,PRIVADO
95324638000194,HOSPITAL BENEFICENTE SAO JOAO,HOSPITAL,RS,FILANTRÓPICO
95356473000132,HOSPITAL SANTA BARBARA BENEFICENTE,HOSPITAL,RS,PRIVADO
95422358000119,SOCIEDADE CARITATIVA E BENEFICENTE ANA NERY,HOSPITAL,RS,FILANTRÓPICO
95427522000180,SOCIEDADE BENEFICENTE HOSPITAL TROMBUDO,HOSPITAL,RS,FILANTRÓPICO
95428181000168,HOSPITAL BENEFICENTE MONTE ALVERNE,HOSPITAL,RS,FILANTRÓPICO
95433744000106,HOSPITAL BENFICENTE SINIMBU,HOSPITAL,RS,FILANTRÓPICO
95439337000106,INST CENTRAL DE HEMOTERAPIA LTD,AMBULATORIO,RS,PRIVADO
95592796002845,CASA DE SAUDE DA COOPERATIVA CCVERGS LTDA,HOSPITAL,RS,FILANTRÓPICO
95595344000105,CASA DE SAUDE MADRE IMILDA,AMBULATORIO,RS,PRIVADO
95606380000704,HOSPITAL SAO FRANCISCO DE ASSIS,HOSPITAL,RS,FILANTRÓPICO
95606380000895,SOCIEDADE CARITATIVA E LITERARIA SAO FRANCISC,HOSPITAL,RS,FILANTRÓPICO
95610887000146,HOSPITAL DE CARIDADE DR. ASTROGILDO DE AZEVED,HOSPITAL,RS,FILANTRÓPICO
95815668000101,SOCIEDADE HOSPITAL DE CARIDADE SANTA ROSA,HOSPITAL,RS,FILANTRÓPICO
95818894000138,SOCIEDADE HOSPITALAR DOM BOSCO,HOSPITAL,RS,PRIVADO
95821757000152,POLICLINICA SANTA ROSA LTDA,AMBULATORIO,RS,PRIVADO
96014600000188,IRMANDADADE DA S. CASA DE MISERICORDIA DE S.V,HOSPITAL,RS,FILANTRÓPICO
96036272000110,CASA DE SAUDE SANTANA DO LIVRAMENTO S/A,HOSPITAL,RS,PRIVADO
96039581000144,SANTA CASA DE MISERICORDIA,HOSPITAL,RS,FILANTRÓPICO
96136643000136,HOSPITAL DE CARIDADE DE SANTIAGO,HOSPITAL,RS,FILANTRÓPICO
96208285000120,HOSPITAL NOSSA SENHORA DE LOURDES LTDA,HOSPITAL,RS,PRIVADO
96210471000101,ASSOCIACAO HOSPITAL DE CARIDADE DE SANTO ANGE,HOSPITAL,RS,FILANTRÓPICO
96217807000150,LABORATORIO CLINISUL LTDA,AMBULATORIO,RS,PRIVADO
96307947000119,LABORATORIO DOMINGUES,AMBULATORIO,RS,PRIVADO
96418025000189,HOSPITAL DE CARIDADE DE SANTO CRISTO,HOSPITAL,RS,FILANTRÓPICO
96419353000108,SOC. HOSPITALAR SANTO AFONSO,HOSPITAL,RS,FILANTRÓPICO
96419775000175,HOSPITAL CAMPINA,AMBULATORIO,RS,FILANTRÓPICO
96419775000256,SOC ASSIST CUL HOSP DE BENEDITO NEISTER,HOSPITAL,RS,FILANTRÓPICO
96486931000110,HOSPITAL BENEFICENTE SAO FRANCISCO DE BORJA,HOSPITAL,RS,FILANTRÓPICO
96488598000189,FUNDACAO IVAN GOULART,HOSPITAL,RS,FILANTRÓPICO
96535760000172,HOSPITAL SANTO ANTONIO,HOSPITAL,RS,FILANTRÓPICO
96554829000105,SOCIEDADE HOSPITAL DE CARIDADE SAO FRANCISCO,HOSPITAL,RS,FILANTRÓPICO
96555511000149,HOSPITAL BENEFICENTE NOSSA SENHORA DO CARAVAG,HOSPITAL,RS,FILANTRÓPICO
96593322000160,IRMANDADE DE SANTA CASA DE CARIDADE,HOSPITAL,RS,FILANTRÓPICO
96681069000105,ASSOCIACAO DO HOSPITAL E MATERNIDADE SAO FRAN,HOSPITAL,RS,FILANTRÓPICO
96704333000170,FUNDACAO ARAUCARIA,HOSPITAL,RS,FILANTRÓPICO
96742333001560,SOC CARIT LIT SAO FRANCISCO ASSIS ZC HOSPITAL,HOSPITAL,RS,FILANTRÓPICO
96915657000158,SOCIEDADE CIVIL HOSPITAL SARMENTO LEITE,HOSPITAL,RS,PRIVADO
97011688000147,SANTA CASA DE MISERICORDIA DE SAO LOURENCO DO,HOSPITAL,RS,FILANTRÓPICO
97012678000126,LABORATORIO FERREIRA E HORTA,AMBULATORIO,RS,PRIVADO
97081756000144,SOCIEDADE HOSPITALAR SAO LUIZ GONZAGA,HOSPITAL,RS,FILANTRÓPICO
97083331000174,HOSPITAL DE CARIDADE NOSSA SENHORA DO ROSARIO,HOSPITAL,RS,PRIVADO
97083869000189,HOSP SAO NICOLAU,HOSPITAL,RS,FILANTRÓPICO
97129308000173,LABORATORIO SIGMA,AMBULATORIO,RS,PRIVADO
97153035000100,FERNANDA DODE LOPEZ,AMBULATORIO,RS,PRIVADO
97171318000177,SOCIEDADE HOSP DE CARIDADE E BENEFICENCIA SAO,HOSPITAL,RS,FILANTRÓPICO
97194765000141,SOCIEDADE BENEFICENTE SAO PEDRO CANISIO,HOSPITAL,RS,FILANTRÓPICO
97227383000177,ASSOCIACAO BENEFICENTE HOSPITAL SANTO ANTONIO,HOSPITAL,RS,FILANTRÓPICO
97247456000192,SOCIEDADE HOSPITALAR SAO VALENTIM LTDA,HOSPITAL,RS,PRIVADO
97279350000170,SOCIEDADE BENEFICENTE SAPIRANGUENSE,HOSPITAL,RS,FILANTRÓPICO
97319487000101,HOSPITAL E FARMACIA RONDA ALTA LTDA,HOSPITAL,RS,PRIVADO
97321095000187,PAULO AMANDO SCHRAMM JR,HOSPITAL,RS,PRIVADO
97321467000175,HOSPITAL SANTO ANTONIO LTDA,HOSPITAL,RS,PRIVADO
97443857000118,CASA DE SAUDE DR HOMERO LIMA MENEZES LTDA,HOSPITAL,RS,FILANTRÓPICO
97448278000168,CASA DE SAUDE DR SEBASTIANY LTDA,HOSPITAL,RS,PRIVADO
97448294000150,SOCIEDADE BENEFICENTE SANTA ROSA DE LIMA,HOSPITAL,RS,FILANTRÓPICO
97448708000141,ASSOCIAC?O CULTURAL RECREATIVA BENEFICENTE S?,HOSPITAL,RS,PRIVADO
97503676000130,HOSPITAL DE CARIDADE FREI CLEMENTE,HOSPITAL,RS,FILANTRÓPICO
97504005000193,SOCIEDADE BENEFICENTE HOSPITAL SAO FRANCISCO,HOSPITAL,RS,FILANTRÓPICO
97504492000194,SOCIEDADE BENEFICENTE SAO JOAO BATISTA,HOSPITAL,RS,FILANTRÓPICO
97577928000175,SOCIEDADE HOSPITALAR BENEFICENTE SANTO ANTONI,HOSPITAL,RS,FILANTRÓPICO
97663389000197,SOCIEDADE HOSPITALAR SAO JACOB,HOSPITAL,RS,FILANTRÓPICO
97663884000104,HOSPITAL NOSSA SENHORA DO ROSARIO,HOSPITAL,RS,FILANTRÓPICO
97664056000182,SOCIEDADE HOSPITALAR ROQUE GONZALEZ,HOSPITAL,RS,FILANTRÓPICO
97756662000128,CASA DE SAUDE DR. FAIOCK LTDA,HOSPITAL,RS,PRIVADO
97758668000134,SOCIEDADE HOSPITALAR DE CARIDADE DE TAQUARA,HOSPITAL,RS,FILANTRÓPICO
97957955000173,HOSPITAL BENEF NOSSA SENHORA DOS NAVEGANTES,HOSPITAL,RS,FILANTRÓPICO
97968994000176,HOSPITAL DR OSWALDO DIESEL,HOSPITAL,RS,PRIVADO
98039795000146,HOSPITAL DE CARIDADE BOA VISTA,HOSPITAL,RS,FILANTRÓPICO
98104193000125,SOCIEDADE CULTURAL SAO GREGORIO,HOSPITAL,RS,FILANTRÓPICO
98110000000149,ASOCIACAO HOSPITAL DE CARIDADE DE TRES PASSOS,HOSPITAL,RS,FILANTRÓPICO
98227986000131,SOC.PARA MANUT.DO HOSP.DE CARIDADE SANTA RITA,HOSPITAL,RS,FILANTRÓPICO
98245277000189,SOCIEDADE HOSPITALAR LINHA MACHADO LTDA,HOSPITAL,RS,PRIVADO
98314099000109,ASSOCIACAO PROTETORA HOSPITAL DE CARIDADE BRA,HOSPITAL,RS,FILANTRÓPICO
98337421000107,HOSPITAL TUPARENDI S.A,HOSPITAL,RS,PRIVADO
98338668000148,HOSPITAL DR OSWALDO TEIXEIRA LTDA,HOSPITAL,RS,PRIVADO
98404635000159,HOSPITAL E MATERNIDADE TARRAGO LTDA,HOSPITAL,RS,PRIVADO
98416225000128,SANTA CASA DE CARIDADE DE URUGUAIANA,HOSPITAL,RS,FILANTRÓPICO
98526148000169,SINDICATO TRAB RURAIS ESMERALDA,AMBULATORIO,RS,PRIVADO
98591910000190,HOSPITAL SAO SEBASTIAO MARTIR,HOSPITAL,RS,FILANTRÓPICO
98660152000115,HOSPITAL TERESA LTDA,HOSPITAL,RS,PRIVADO
98662067000196,SIND TRAB RURAIS VERA CRUZ,AMBULATORIO,RS,PRIVADO
98673882000150,HOSPITAL BENEFICENTE NOSSA SENHORA DA SAUDE,HOSPITAL,RS,FILANTRÓPICO
98714876000102,SOCIEDADE HOSPITALAR N. SENHORA DA POMPEIA,HOSPITAL,RS,FILANTRÓPICO
98818214000174,ACAO SOCIAL PAROQUIAL NOSSA SENHORA DA SAUDE,HOSPITAL,RS,FILANTRÓPICO
